min_samples,max_eps,xi,n_clusters,n_noise,noise_percentage,diff_from_11
36,3.5,0.61,4,1221,82.89205702647658,7
36,3.5,0.62,4,1221,82.89205702647658,7
36,3.5,0.63,4,1221,82.89205702647658,7
36,3.5,0.64,3,1257,85.33604887983707,8
36,3.5,0.65,2,1293,87.78004073319755,9
36,3.5,0.66,2,1293,87.78004073319755,9
