Feature,Total_Contribution
Feature_2,1.0417053488104624
Feature_10,0.8379412560945556
Feature_1,0.8315957358600953
