Feature,Total_Contribution
Feature_14,0.8207017919615792
Feature_11,0.7807863030817244
Feature_9,0.7506496921075181
