Feature,Total_Contribution
Feature_14,1.2175473292705794
Feature_18,1.1624719767025058
Feature_16,1.0706279746317295
