Feature,Total_Contribution
Feature_11,0.7854618388420017
Feature_12,0.7644993471114271
Feature_4,0.7497367753413708
