Feature,Total_Contribution
Feature_13,0.9053082869346221
Feature_8,0.8012399233413982
Feature_7,0.7632010279402263
