Feature,Total_Contribution
Feature_9,0.8427162329074283
Feature_15,0.8344647734817027
Feature_1,0.7543884093706643
